<?xml version="1.1" encoding="UTF-8" ?>
<!DOCTYPE sla-profile [

<!ELEMENT sla-profile (description?, sla-threshold*)>
<!ATTLIST sla-profile
    uid CDATA #REQUIRED
    uniqueKey CDATA #REQUIRED>

<!ELEMENT description (#PCDATA)>
	
<!ELEMENT sla-threshold ((threshold-condition )*)>
<!ATTLIST sla-threshold
	uid CDATA #REQUIRED
	percent CDATA #IMPLIED
	identifier CDATA #REQUIRED
	enabled CDATA #REQUIRED
	family CDATA #REQUIRED>

<!ELEMENT threshold-condition (#PCDATA)>
<!ATTLIST threshold-condition
    severity CDATA #REQUIRED
    durationKind CDATA #REQUIRED
    durationNumber CDATA #REQUIRED
    operator CDATA #REQUIRED
    valueMin CDATA #REQUIRED
    valueMax CDATA #REQUIRED>

]>
<sla-profile name="Profile" uid="8a8f5277-61d8-4fc4-8f22-868c799c9180">
<description/>
<sla-threshold enabled="true" family="PER_RUN" identifier="AVERAGE_REQUEST_RESPONSE_TIME" percent="1" uid="152b00e4-d8b9-4dd6-85bd-9d2b022da7e8">
<threshold-condition durationKind="NB_OF_TIMES" durationNumber="1" operator="GREATER_THAN" severity="HIGH" valueMax="Infinity" valueMin="10.0"/>
<threshold-condition durationKind="NB_OF_TIMES" durationNumber="1" operator="GREATER_THAN" severity="LOW" valueMax="Infinity" valueMin="5.0"/>
</sla-threshold>
<sla-threshold enabled="false" family="PER_RUN" identifier="AVERAGE_PAGE_RESPONSE_TIME" percent="1" uid="aead58d8-7c73-4a04-8094-ad218e5e32de"/>
<sla-threshold enabled="false" family="PER_RUN" identifier="AVERAGE_CONTAINER_RESPONSE_TIME" percent="1" uid="f0ff18e9-543e-4429-aa0d-04031dfb5327"/>
<sla-threshold enabled="false" family="PER_RUN" identifier="PERCENTILE_CONTAINER_RESPONSE_TIME" percent="1" uid="5460b794-fac7-4712-a1d7-d6d414bf9315"/>
<sla-threshold enabled="false" family="PER_RUN" identifier="AVERAGE_HITS_PER_SECOND" percent="1" uid="04b25f18-0737-42c6-bd27-4ae56c2c7560"/>
<sla-threshold enabled="false" family="PER_RUN" identifier="AVERAGE_THROUGHPUT_PER_SECOND" percent="1" uid="3ab28b4c-d417-4af6-acc3-1e67d8449a98"/>
<sla-threshold enabled="false" family="PER_RUN" identifier="TOTAL_ERRORS" percent="1" uid="8876bec1-eb27-44af-9fde-209cd0ad2733"/>
<sla-threshold enabled="false" family="PER_RUN" identifier="TOTAL_HITS" percent="1" uid="54800fa4-ea1a-4c07-a9b2-b6ea3459d7eb"/>
<sla-threshold enabled="false" family="PER_RUN" identifier="TOTAL_THROUGHPUT" percent="1" uid="26d3c59e-9af5-4a51-81f5-702ad954f513"/>
<sla-threshold enabled="false" family="PER_RUN" identifier="ERROR_PERCENTILE" percent="1" uid="28785559-a0fa-4320-912c-bdf4fafa8a91"/>
<sla-threshold enabled="false" family="PER_TIME_INTERVAL" identifier="AVERAGE_RESPONSE_TIME" percent="1" uid="edaa1ab4-78a8-41d9-be15-0c48b5f471b1"/>
<sla-threshold enabled="false" family="PER_TIME_INTERVAL" identifier="AVERAGE_HITS_PER_SECOND" percent="1" uid="4f70a661-de68-4ad0-851b-c496918256c5"/>
<sla-threshold enabled="false" family="PER_TIME_INTERVAL" identifier="AVERAGE_THROUGHPUT_PER_SECOND" percent="1" uid="260a62ac-07d4-4580-a74a-589eb445f43e"/>
<sla-threshold enabled="false" family="PER_TIME_INTERVAL" identifier="ERRORS_PER_SECOND" percent="1" uid="369a6169-0e44-4b62-8579-8a2ec2ee5351"/>
<sla-threshold enabled="false" family="PER_TIME_INTERVAL" identifier="ERROR_PERCENTILE" percent="1" uid="85f5c1b1-66c5-4f87-9b9b-a3b7ee80f275"/>
</sla-profile>
